primitive,project,tier,matched_strategies,n_matches,total_trades,avg_pnl_pct,monthly_geo_return_pct,max_dd_pct,avg_sharpe,avg_profit_factor,trades_per_month,profit_n,ddq_n,sharpe_n,pf_n,tpm_n,avg_capture_pct,avg_premature_exit_pct,avg_missed_continuation_pct,avg_mfe_pct,avg_win_rate_pct,final_score,confidence,score_bucket,force_exit_refine,exit_experiments_count,force_exit_cleared_reason,refinement_attempts,rejected,last_mode,last_cycle_ts
rsi-oversold-mean-reversion,freqtrade,sophisticated,YujiVWAPMeanReversionStrategy,1,920,-35.756,-0.9176,35.756,-14.334,0.025,19.167,0.0,0.0,0.0,0.0083,0.9583,37.5,23.26,0.98,0.38,1.85,0.0967,1.0,WEAK,False,0,,0,False,FALSIFY(KILL),2026-04-26T11:03:28Z
vwap-deviation-mean-reversion,freqtrade,sophisticated,YujiVWAPMeanReversionStrategy,1,920,-35.756,-0.9176,35.756,-14.334,0.025,19.167,0.0,0.0,0.0,0.0083,0.9583,37.5,23.26,0.98,0.38,1.85,0.0967,1.0,WEAK,False,0,,0,False,FALSIFY(KILL),2026-04-26T13:08:34Z
cointegration-residual-reversion,freqtrade,sophisticated,YujiCointegrationResidualReversionStrategy,1,8,5.433,0.1103,0.419,0.081,8.731,0.167,0.1103,0.986,0.027,1.0,0.0083,62.83,62.5,12.5,13.6,75.0,0.3121,0.08,WEAK,False,8,experiments_exhausted (8≥5),0,False,STOP(RULE2-CSV-STALE-KILL-ARCHIVED),2026-04-26T23:03:54Z
volume-clock-informed-trading,freqtrade,sophisticated,,0,0,0.0,0.0,0.0,0.0,0.0,0.0,,,,,,0.0,0.0,0.0,0.0,0.0,,0.0,UNSCORED,False,0,,0,False,TEST,2026-04-26T15:03:46Z
options-block-trade-tape,freqtrade,naive,,0,0,0.0,0.0,0.0,0.0,0.0,0.0,,,,,,0.0,0.0,0.0,0.0,0.0,,0.0,UNSCORED,False,0,,0,False,,
lopez-de-prado-meta-labelling,freqtrade,sophisticated,,0,0,0.0,0.0,0.0,0.0,0.0,0.0,,,,,,0.0,0.0,0.0,0.0,0.0,,0.0,UNSCORED,False,0,,0,False,TEST,2026-04-26T20:07:30Z
mtf-momentum-alignment,freqtrade,sophisticated,,0,0,0.0,0.0,0.0,0.0,0.0,0.0,,,,,,0.0,0.0,0.0,0.0,0.0,,0.0,UNSCORED,False,0,,0,False,TEST,2026-04-26T06:30:00Z
exchange-netflow-regime-signal,freqtrade,sophisticated,,0,0,0.0,0.0,0.0,0.0,0.0,0.0,,,,,,0.0,0.0,0.0,0.0,0.0,,0.0,UNSCORED,False,0,,0,False,,
ethena-usde-negative-funding-regime,freqtrade,sophisticated,,0,0,0.0,0.0,0.0,0.0,0.0,0.0,,,,,,0.0,0.0,0.0,0.0,0.0,,0.0,UNSCORED,False,0,,0,False,,
options-iv-skew-regime-signal,freqtrade,sophisticated,,0,0,0.0,0.0,0.0,0.0,0.0,0.0,,,,,,0.0,0.0,0.0,0.0,0.0,,0.0,UNSCORED,False,0,,0,False,,
intraday-session-asymmetry-regime,freqtrade,sophisticated,,0,0,0.0,0.0,0.0,0.0,0.0,0.0,,,,,,0.0,0.0,0.0,0.0,0.0,,0.0,UNSCORED,False,0,,0,False,TEST,2026-04-26T19:11:13Z
bollinger-squeeze-breakout,freqtrade,sophisticated,,0,0,0.0,0.0,0.0,0.0,0.0,0.0,,,,,,0.0,0.0,0.0,0.0,0.0,,0.0,UNSCORED,False,0,,0,False,TEST,2026-04-26T11:36:17Z
bullish-rsi-divergence,freqtrade,sophisticated,,0,0,0.0,0.0,0.0,0.0,0.0,0.0,,,,,,0.0,0.0,0.0,0.0,0.0,,0.0,UNSCORED,False,0,,0,False,,
cross-pair-correlation-regime,freqtrade,sophisticated,,0,0,0.0,0.0,0.0,0.0,0.0,0.0,,,,,,0.0,0.0,0.0,0.0,0.0,,0.0,UNSCORED,False,0,,0,False,,
atr-regime-exit-calibrator,freqtrade,naive,,0,0,0.0,0.0,0.0,0.0,0.0,0.0,,,,,,0.0,0.0,0.0,0.0,0.0,,0.0,UNSCORED,False,0,,0,False,DISCOVER,2026-04-26T22:08:18Z
funding-rate-serial-correlation-signal,freqtrade,intermediate,,0,0,0.0,0.0,0.0,0.0,0.0,0.0,,,,,,0.0,0.0,0.0,0.0,0.0,,0.0,UNSCORED,False,0,,0,False,FALSIFY,2026-04-26T05:10:00Z
cross-asset-macro-correlation-regime,freqtrade,sophisticated,,0,0,0.0,0.0,0.0,0.0,0.0,0.0,,,,,,0.0,0.0,0.0,0.0,0.0,,0.0,UNSCORED,False,0,,0,False,,
stablecoin-depeg-systemic-stress,freqtrade,sophisticated,,0,0,0.0,0.0,0.0,0.0,0.0,0.0,,,,,,0.0,0.0,0.0,0.0,0.0,,0.0,UNSCORED,False,0,,0,False,,
taker-flow-streak-momentum-signal,freqtrade,naive,,0,0,0.0,0.0,0.0,0.0,0.0,0.0,,,,,,0.0,0.0,0.0,0.0,0.0,,0.0,UNSCORED,False,0,,0,False,TEST,2026-04-25T11:33:31Z
realized-volatility-term-structure,freqtrade,sophisticated,,0,0,0.0,0.0,0.0,0.0,0.0,0.0,,,,,,0.0,0.0,0.0,0.0,0.0,,0.0,UNSCORED,False,0,,0,False,,
ema-pullback-dynamic-support,freqtrade,sophisticated,,0,0,0.0,0.0,0.0,0.0,0.0,0.0,,,,,,0.0,0.0,0.0,0.0,0.0,,0.0,UNSCORED,False,0,,0,False,TEST,2026-04-26T11:28:15Z
hidden-bullish-rsi-divergence,freqtrade,sophisticated,,0,0,0.0,0.0,0.0,0.0,0.0,0.0,,,,,,0.0,0.0,0.0,0.0,0.0,,0.0,UNSCORED,False,0,,0,False,,
long-short-ratio-contrarian,freqtrade,sophisticated,,0,0,0.0,0.0,0.0,0.0,0.0,0.0,,,,,,0.0,0.0,0.0,0.0,0.0,,0.0,UNSCORED,False,0,,0,False,,
iceberg-absorption-detection,freqtrade,naive,,0,0,0.0,0.0,0.0,0.0,0.0,0.0,,,,,,0.0,0.0,0.0,0.0,0.0,,0.0,UNSCORED,False,0,,0,False,,
cdd-dormancy-flow-regime,freqtrade,sophisticated,,0,0,0.0,0.0,0.0,0.0,0.0,0.0,,,,,,0.0,0.0,0.0,0.0,0.0,,0.0,UNSCORED,False,0,,0,False,,
btc-etf-institutional-flow,freqtrade,sophisticated,,0,0,0.0,0.0,0.0,0.0,0.0,0.0,,,,,,0.0,0.0,0.0,0.0,0.0,,0.0,UNSCORED,False,0,,0,False,,
dxy-dollar-strength-regime,freqtrade,sophisticated,,0,0,0.0,0.0,0.0,0.0,0.0,0.0,,,,,,0.0,0.0,0.0,0.0,0.0,,0.0,UNSCORED,False,0,,0,False,,
on-chain-supply-dynamics-regime-result,freqtrade,naive,,0,0,0.0,0.0,0.0,0.0,0.0,0.0,,,,,,0.0,0.0,0.0,0.0,0.0,,0.0,UNSCORED,False,0,,0,False,,
perp-spot-basis-divergence,freqtrade,sophisticated,,0,0,0.0,0.0,0.0,0.0,0.0,0.0,,,,,,0.0,0.0,0.0,0.0,0.0,,0.0,UNSCORED,False,0,,0,False,,
fair-value-gap-price-discovery,freqtrade,sophisticated,,0,0,0.0,0.0,0.0,0.0,0.0,0.0,,,,,,0.0,0.0,0.0,0.0,0.0,,0.0,UNSCORED,False,0,,0,False,,
spread-compression-informed-exhaustion,freqtrade,naive,,0,0,0.0,0.0,0.0,0.0,0.0,0.0,,,,,,0.0,0.0,0.0,0.0,0.0,,0.0,UNSCORED,False,0,,0,False,TEST,2026-04-26T18:05:00Z
order-book-depth-imbalance,freqtrade,sophisticated,,0,0,0.0,0.0,0.0,0.0,0.0,0.0,,,,,,0.0,0.0,0.0,0.0,0.0,,0.0,UNSCORED,False,0,,0,False,,
stablecoin-supply-momentum-signal,freqtrade,sophisticated,,0,0,0.0,0.0,0.0,0.0,0.0,0.0,,,,,,0.0,0.0,0.0,0.0,0.0,,0.0,UNSCORED,False,0,,0,False,,
disposition-contrarian-unrealised-gain,freqtrade,naive,,0,0,0.0,0.0,0.0,0.0,0.0,0.0,,,,,,0.0,0.0,0.0,0.0,0.0,,0.0,UNSCORED,False,0,,0,False,,
hyperliquid-top-wallet-copy-signal,freqtrade,naive,,0,0,0.0,0.0,0.0,0.0,0.0,0.0,,,,,,0.0,0.0,0.0,0.0,0.0,,0.0,UNSCORED,False,0,,0,False,,
oi-price-divergence-signal,freqtrade,sophisticated,,0,0,0.0,0.0,0.0,0.0,0.0,0.0,,,,,,0.0,0.0,0.0,0.0,0.0,,0.0,UNSCORED,False,0,,0,False,STOP,2026-04-26T04:31:00Z
on-chain-supply-dynamics-regime,freqtrade,sophisticated,,0,0,0.0,0.0,0.0,0.0,0.0,0.0,,,,,,0.0,0.0,0.0,0.0,0.0,,0.0,UNSCORED,False,0,,0,False,,
realized-skewness-regime-signal,freqtrade,naive,,0,0,0.0,0.0,0.0,0.0,0.0,0.0,,,,,,0.0,0.0,0.0,0.0,0.0,,0.0,UNSCORED,False,0,,0,False,TEST,2026-04-24T23:33:50Z
liquidity-sweep-reversal,freqtrade,sophisticated,,0,0,0.0,0.0,0.0,0.0,0.0,0.0,,,,,,0.0,0.0,0.0,0.0,0.0,,0.0,UNSCORED,False,0,,0,False,,
kyle-lambda-impact-regime,freqtrade,intermediate,,0,0,0.0,0.0,0.0,0.0,0.0,0.0,,,,,,0.0,0.0,0.0,0.0,0.0,,0.0,UNSCORED,False,0,,0,False,TEST,2026-04-26T14:01:46Z
capitulation-exhaustion-reversal,freqtrade,sophisticated,,0,0,0.0,0.0,0.0,0.0,0.0,0.0,,,,,,0.0,0.0,0.0,0.0,0.0,,0.0,UNSCORED,False,0,,0,False,,
token-vesting-unlock-signal,freqtrade,sophisticated,,0,0,0.0,0.0,0.0,0.0,0.0,0.0,,,,,,0.0,0.0,0.0,0.0,0.0,,0.0,UNSCORED,False,0,,0,False,,
btc-dominance-regime-signal,freqtrade,sophisticated,,0,0,0.0,0.0,0.0,0.0,0.0,0.0,,,,,,0.0,0.0,0.0,0.0,0.0,,0.0,UNSCORED,False,0,,0,False,,
funding-rate-crowding-reversal,freqtrade,sophisticated,,0,0,0.0,0.0,0.0,0.0,0.0,0.0,,,,,,0.0,0.0,0.0,0.0,0.0,,0.0,UNSCORED,False,0,,0,False,,
agent-behavior-reaction,freqtrade,sophisticated,,0,0,0.0,0.0,0.0,0.0,0.0,0.0,,,,,,0.0,0.0,0.0,0.0,0.0,,0.0,UNSCORED,False,0,,0,False,,
cross-exchange-funding-divergence-signal,freqtrade,sophisticated,,0,0,0.0,0.0,0.0,0.0,0.0,0.0,,,,,,0.0,0.0,0.0,0.0,0.0,,0.0,UNSCORED,False,0,,0,False,,
dealer-gamma-exposure-regime-signal,freqtrade,sophisticated,,0,0,0.0,0.0,0.0,0.0,0.0,0.0,,,,,,0.0,0.0,0.0,0.0,0.0,,0.0,UNSCORED,False,0,,0,False,,
miner-supply-profitability-regime,freqtrade,sophisticated,,0,0,0.0,0.0,0.0,0.0,0.0,0.0,,,,,,0.0,0.0,0.0,0.0,0.0,,0.0,UNSCORED,False,0,,0,False,,
cvd-executed-flow-imbalance,freqtrade,sophisticated,,0,0,0.0,0.0,0.0,0.0,0.0,0.0,,,,,,0.0,0.0,0.0,0.0,0.0,,0.0,UNSCORED,False,0,,0,False,,
rmt-complexity-gap-regime,freqtrade,intermediate,,0,0,0.0,0.0,0.0,0.0,0.0,0.0,,,,,,0.0,0.0,0.0,0.0,0.0,,0.0,UNSCORED,False,0,,0,False,FALSIFY,2026-04-24T19:19:05Z
